City_ID,City,Country,Lat,Lng,Max Temp,Humidity,Cloudiness,Wind Speed,Current Description
0,Cape Town,ZA,-33.9258,18.4232,62.11,78,0,3.44,clear sky
1,Punta Arenas,CL,-53.15,-70.9167,46.11,93,99,9.13,overcast clouds
2,Port Alfred,ZA,-33.5906,26.891,65.17,93,49,8.52,scattered clouds
3,Mataura,NZ,-46.1927,168.8643,69.48,50,0,3.22,clear sky
4,Leningradskiy,RU,69.3833,178.4167,1.29,86,8,1.43,clear sky
5,Dwarka,IN,22.2394,68.9678,82.63,58,6,8.77,clear sky
6,Jiangyou,CN,31.7667,104.7167,65.55,48,8,7.63,clear sky
7,Port Hardy,CA,50.6996,-127.4199,46.58,87,100,3.44,overcast clouds
8,Salalah,OM,17.0151,54.0924,82.49,37,100,1.5,overcast clouds
9,Upernavik,GL,72.7868,-56.1549,14.41,88,100,6.46,overcast clouds
10,Nanortalik,GL,60.1432,-45.2371,25.63,72,100,10.89,overcast clouds
11,Albany,US,42.6001,-73.9662,38.35,91,76,7.05,broken clouds
12,Avarua,CK,-21.2078,-159.775,80.65,83,75,8.05,broken clouds
13,Barrow,US,71.2906,-156.7887,0.09,86,7,18.92,clear sky
14,Torbay,CA,47.6666,-52.7314,35.76,92,0,19.57,clear sky
15,Te Anau,NZ,-45.4167,167.7167,68.68,51,0,2.51,clear sky
16,Chunskiy,RU,56.0815,99.6342,21.42,75,99,13.82,overcast clouds
17,Rikitea,PF,-23.1203,-134.9692,79.39,71,2,13.44,clear sky
18,Hithadhoo,MV,-0.6,73.0833,82.31,70,12,9.78,few clouds
19,Bairiki,KI,1.3292,172.9752,86.0,70,40,12.66,scattered clouds
20,Yellowknife,CA,62.456,-114.3525,2.41,79,100,9.22,light snow
21,Cockburn Town,TC,21.4612,-71.1419,77.54,71,37,3.36,scattered clouds
22,New Norfolk,AU,-42.7826,147.0587,80.1,36,0,3.0,clear sky
23,Labuhan,ID,-6.8844,112.2051,85.91,63,45,5.82,scattered clouds
24,Tasiilaq,GL,65.6145,-37.6368,14.9,59,0,7.58,clear sky
25,Ushuaia,AR,-54.8,-68.3,42.46,100,100,18.41,moderate rain
26,Bluff,NZ,-46.6,168.3333,58.87,74,0,6.62,clear sky
27,Tommot,RU,58.9564,126.2925,27.18,74,100,5.61,overcast clouds
28,Mackay,AU,-21.15,149.2,82.38,69,40,12.66,scattered clouds
29,Qasigiannguit,GL,68.8193,-51.1922,7.05,79,96,6.8,overcast clouds
30,Kapaa,US,22.0752,-159.319,78.78,70,3,1.01,clear sky
31,Clyde River,CA,70.4692,-68.5914,-1.97,78,100,10.36,light snow
32,Sorong,ID,-0.8833,131.25,82.76,75,91,5.3,overcast clouds
33,Puerto Ayora,EC,-0.7393,-90.3518,78.12,85,100,7.29,overcast clouds
34,Ban Dung,TH,17.699,103.2596,94.14,44,11,2.06,few clouds
35,Vaini,TO,-21.2,-175.2,80.76,78,40,11.5,scattered clouds
36,Geraldton,AU,-28.7667,114.6,82.81,61,75,14.97,broken clouds
37,Conde,BR,-7.2597,-34.9075,76.46,100,75,0.0,broken clouds
38,Vila Franca Do Campo,PT,37.7167,-25.4333,59.41,87,99,19.75,overcast clouds
39,Qaanaaq,GL,77.484,-69.3632,-8.41,94,99,7.02,overcast clouds
40,Oistins,BB,13.0667,-59.5333,77.09,69,0,16.11,clear sky
41,Sobolevo,RU,54.4299,31.8996,23.47,77,100,21.9,overcast clouds
42,Busselton,AU,-33.65,115.3333,71.44,54,59,18.25,broken clouds
43,Bosaso,SO,11.2842,49.1816,76.6,59,3,2.21,clear sky
44,Atuona,PF,-9.8,-139.0333,79.43,78,15,18.28,few clouds
45,Lompoc,US,34.6391,-120.4579,55.78,90,75,4.61,mist
46,Talnakh,RU,69.4865,88.3972,9.91,74,80,4.43,broken clouds
47,Fort Oglethorpe,US,34.949,-85.2569,51.98,66,49,4.43,scattered clouds
48,Quthing,LS,-30.4,27.7003,52.66,65,0,2.39,clear sky
49,Severo-Kurilsk,RU,50.6789,156.125,32.83,98,100,31.05,snow
50,Presidencia Roque Saenz Pena,AR,-26.7852,-60.4388,62.35,72,0,4.9,clear sky
51,Cherskiy,RU,68.75,161.3,2.7,87,100,8.34,overcast clouds
52,Rutland,US,43.6167,-73.0162,38.7,83,60,1.99,broken clouds
53,East London,ZA,-33.0153,27.9116,67.06,88,98,10.65,light rain
54,Gat,IL,31.61,34.7642,53.4,100,1,6.4,clear sky
55,Hermanus,ZA,-34.4187,19.2345,62.8,86,8,12.39,clear sky
56,Pacifica,US,37.6138,-122.4869,58.42,88,75,5.99,mist
57,Kavieng,PG,-2.5744,150.7967,84.43,69,100,6.02,overcast clouds
58,Isangel,VU,-19.55,169.2667,82.87,67,99,10.58,overcast clouds
59,Cabo San Lucas,MX,22.8909,-109.9124,70.61,53,1,8.16,clear sky
60,Bo Rai,TH,12.5728,102.5371,88.77,60,80,3.51,broken clouds
61,Hilo,US,19.7297,-155.09,73.26,97,40,1.01,heavy intensity rain
62,Cidreira,BR,-30.1811,-50.2056,66.04,79,92,9.55,overcast clouds
63,Sept-Iles,CA,50.2001,-66.3821,30.72,96,100,5.75,overcast clouds
64,Evensk,RU,61.95,159.2333,15.53,69,97,1.86,overcast clouds
65,Chuy,UY,-33.6971,-53.4616,65.88,75,52,10.42,broken clouds
66,Fortuna,US,40.5982,-124.1573,54.66,92,0,1.01,clear sky
67,Palana,RU,59.1167,159.9667,21.2,74,99,10.27,overcast clouds
68,Henties Bay,NA,-22.116,14.2845,63.09,85,0,3.29,clear sky
69,Pemangkat,ID,1.1667,108.9667,85.44,65,58,5.37,broken clouds
70,San Vicente,AR,-26.6167,-54.1333,54.77,97,0,2.17,clear sky
71,Zhigansk,RU,66.7697,123.3711,12.92,93,99,9.55,overcast clouds
72,Ketchikan,US,55.3422,-131.6461,41.05,91,99,1.77,overcast clouds
73,Saldanha,ZA,-33.0117,17.9442,62.89,71,36,3.36,scattered clouds
74,Biratnagar,NP,26.4831,87.2834,87.78,19,0,15.9,clear sky
75,Lebu,CL,-37.6167,-73.65,54.19,91,18,3.47,few clouds
76,Saint-Philippe,RE,-21.3585,55.7679,79.21,81,20,10.51,few clouds
77,Georgetown,MY,5.4112,100.3354,91.33,74,20,3.44,few clouds
78,Passy,FR,45.9203,6.6877,43.57,65,0,8.05,clear sky
79,Merauke,ID,-8.4667,140.3333,86.27,66,100,12.37,overcast clouds
80,Atar,MR,20.5169,-13.0499,66.96,19,10,5.41,clear sky
81,Srednekolymsk,RU,67.45,153.6833,11.55,81,100,15.52,overcast clouds
82,Lagoa,PT,39.05,-27.9833,59.09,87,62,17.81,broken clouds
83,Colares,PT,38.7992,-9.4469,57.29,72,59,8.01,broken clouds
84,Nikolskoye,RU,59.7035,30.7861,25.88,77,100,15.35,overcast clouds
85,Borogontsy,RU,62.6683,131.1683,23.65,77,100,3.98,overcast clouds
86,Inhambane,MZ,-23.865,35.3833,71.98,88,89,6.73,overcast clouds
87,Jamestown,US,42.097,-79.2353,30.02,71,100,10.36,light snow
88,Houma,US,29.5958,-90.7195,62.01,81,0,3.0,clear sky
89,Bethel,US,41.3712,-73.414,41.36,90,100,5.68,light rain
90,Hualmay,PE,-11.0964,-77.6139,70.36,81,98,7.78,overcast clouds
91,Tabuk,PH,17.4189,121.4443,89.1,56,7,4.97,clear sky
92,Narsaq,GL,60.9167,-46.05,21.42,72,53,4.99,broken clouds
93,Mount Gambier,AU,-37.8333,140.7667,85.91,23,79,17.27,broken clouds
94,Babu,CN,24.4167,111.5167,57.72,82,100,8.97,overcast clouds
95,Altyn-Topkan,TJ,40.6528,69.5998,37.87,50,16,8.95,few clouds
96,Lingao,CN,19.9103,109.6859,79.18,77,64,13.73,broken clouds
97,Cartagena Del Chaira,CO,1.3349,-74.8429,72.48,99,100,1.07,overcast clouds
98,Banyo,CM,6.75,11.8167,65.62,30,35,1.43,scattered clouds
99,Devils Lake,US,48.1128,-98.8651,12.94,66,99,4.0,overcast clouds
100,Bogalusa,US,30.791,-89.8487,63.75,79,0,2.28,clear sky
101,Flinders,AU,-34.5833,150.8552,73.06,81,99,5.84,light rain
102,Bredasdorp,ZA,-34.5322,20.0403,61.2,86,7,10.11,clear sky
103,Birao,CF,10.2849,22.7882,70.95,12,73,11.05,broken clouds
104,Akdepe,TM,42.0551,59.3788,42.91,64,26,10.89,scattered clouds
105,Middle Island,US,40.8843,-72.9373,44.89,77,0,10.36,clear sky
106,Lichtenfels,DE,50.1457,11.0593,47.41,76,6,1.99,clear sky
107,Souillac,MU,-20.5167,57.5167,79.18,94,40,1.14,scattered clouds
108,College,US,64.8569,-147.8028,32.47,69,100,0.04,overcast clouds
109,Papara,BR,-3.9839,-38.7273,75.6,98,99,3.29,overcast clouds
110,Tamandare,BR,-8.7597,-35.1047,76.96,86,57,2.73,broken clouds
111,Klaksvik,FO,62.2266,-6.589,45.52,69,100,26.06,overcast clouds
112,Thompson,CA,55.7435,-97.8558,-11.29,95,22,5.1,few clouds
113,Buraydah,SA,26.326,43.975,53.15,30,0,9.53,clear sky
114,Airai,TL,-8.9266,125.4092,71.94,70,54,1.88,broken clouds
115,Katsuura,JP,35.1333,140.3,59.11,83,93,21.12,overcast clouds
116,Eureka,US,40.8021,-124.1637,54.93,82,100,2.51,overcast clouds
117,Barranca,PE,-10.75,-77.7667,70.11,79,82,5.77,broken clouds
118,San Cristobal,VE,7.7669,-72.225,66.83,92,100,1.66,overcast clouds
119,Dikson,RU,73.5069,80.5464,-6.81,97,83,12.3,broken clouds
120,Ilulissat,GL,69.2167,-51.1,15.82,57,100,3.44,overcast clouds
121,Lakeway,US,30.3638,-97.9796,73.36,41,0,8.99,clear sky
122,Tuktoyaktuk,CA,69.4541,-133.0374,-12.46,92,6,8.79,clear sky
123,Zalakomar,HU,46.538,17.1809,39.18,65,3,4.61,clear sky
124,Santa Vitoria Do Palmar,BR,-33.5189,-53.3681,65.79,76,50,9.53,scattered clouds
125,Port Elizabeth,ZA,-33.918,25.5701,61.32,96,5,4.45,clear sky
126,Khani,GE,41.9563,42.9566,26.17,89,45,5.53,scattered clouds
127,Pevek,RU,69.7008,170.3133,4.91,93,100,5.19,overcast clouds
128,Sfantu Gheorghe,RO,45.8667,25.7833,46.81,74,49,7.11,scattered clouds
129,Porto Walter,BR,-8.2686,-72.7439,72.66,98,100,1.16,overcast clouds
130,Thinadhoo,MV,0.5333,72.9333,81.57,69,4,9.82,clear sky
131,Kasongo,CD,-4.45,26.6667,67.87,98,100,2.71,overcast clouds
132,Nam Som,TH,17.7704,102.1895,91.09,43,17,1.23,few clouds
133,Pelotas,BR,-31.7719,-52.3425,63.86,88,71,7.4,broken clouds
134,Putina,PE,-15.4667,-69.4333,45.48,79,99,7.18,overcast clouds
135,Roros,NO,62.5747,11.3842,24.64,93,100,3.44,overcast clouds
136,Berlevag,NO,70.8578,29.0864,22.8,68,100,22.5,light snow
137,Ambilobe,MG,-13.2,49.05,76.08,93,99,2.62,overcast clouds
138,Daru,PG,-9.0763,143.2092,87.44,66,89,7.92,overcast clouds
139,Carnarvon,AU,-24.8667,113.6333,82.2,51,0,11.48,clear sky
140,Skjervoy,NO,70.0311,20.9714,21.2,69,100,6.11,light snow
141,Port Augusta,AU,-32.5,137.7667,88.75,20,7,4.97,clear sky
142,Hasaki,JP,35.7333,140.8333,64.8,70,100,18.72,overcast clouds
143,Khatanga,RU,71.9667,102.5,0.25,91,37,14.72,scattered clouds
144,Adrar,MR,20.5022,-10.0711,69.98,15,58,1.39,broken clouds
145,Barentu,ER,15.1139,37.5928,65.46,54,9,4.94,clear sky
146,Rawson,AR,-43.3002,-65.1023,67.14,35,32,19.6,scattered clouds
147,Aleksandrov Gay,RU,50.147,48.5704,36.1,81,100,22.32,overcast clouds
148,Hobart,AU,-42.8794,147.3294,80.46,43,0,17.27,clear sky
149,Lima,PE,-12.0432,-77.0282,69.39,73,100,5.1,overcast clouds
150,Broken Hill,AU,-31.95,141.4333,79.72,29,0,13.33,clear sky
151,Tiznit,MA,29.5833,-9.5,57.27,53,13,5.39,few clouds
152,Poggibonsi,IT,43.4724,11.1456,55.09,55,100,2.73,overcast clouds
153,Ende,ID,-8.8432,121.6623,85.68,70,24,4.21,few clouds
154,Omboue,GA,-1.5746,9.2618,77.99,90,97,8.43,overcast clouds
155,Saint George,US,37.1041,-113.5841,72.95,15,0,3.44,clear sky
156,Constitucion,CL,-35.3333,-72.4167,52.12,89,37,7.23,scattered clouds
157,Paita,PE,-5.0892,-81.1144,73.11,78,100,10.67,overcast clouds
158,Mahebourg,MU,-20.4081,57.7,82.26,94,40,1.14,scattered clouds
159,Longyearbyen,SJ,78.2186,15.6401,-4.16,71,20,11.5,few clouds
160,Dawei,MM,14.0833,98.2,90.32,54,79,5.79,broken clouds
161,Lata,PT,40.1629,-8.3327,51.08,86,1,5.19,clear sky
162,Kulachi,PK,31.9286,70.4592,84.22,14,0,3.06,clear sky
163,Vardo,NO,70.3705,31.1107,26.22,62,100,24.32,light snow
164,Puerto Leguizamo,CO,-0.1934,-74.7819,71.6,99,99,2.44,moderate rain
165,Butaritari,KI,3.0707,172.7902,81.5,71,32,13.56,scattered clouds
166,Aripuana,BR,-9.1667,-60.6333,72.66,99,100,1.43,moderate rain
167,Ribeira Grande,PT,38.5167,-28.7,60.67,84,69,8.59,broken clouds
168,Norman Wells,CA,65.282,-126.8329,5.79,95,100,4.54,overcast clouds
169,Laguna,US,38.421,-121.4238,66.61,60,0,8.05,clear sky
170,Kjopsvik,NO,68.097,16.3742,28.17,84,100,8.81,overcast clouds
171,Honiara,SB,-9.4333,159.95,81.37,81,100,5.03,light rain
172,Pangkalanbuun,ID,-2.6833,111.6167,92.84,47,86,4.14,overcast clouds
173,Tiksi,RU,71.6872,128.8694,-1.62,94,81,1.66,broken clouds
174,Dinghai,CN,26.2847,119.7936,57.65,86,100,9.86,overcast clouds
175,Malpe,IN,13.35,74.7167,85.3,64,67,6.58,broken clouds
176,Kurumkan,RU,54.3,110.3,21.63,89,93,4.0,light snow
177,Luanda,AO,-8.8368,13.2343,75.2,88,40,3.44,scattered clouds
178,Mar Del Plata,AR,-38.0023,-57.5575,59.88,88,75,7.0,broken clouds
179,Juneau,US,58.3019,-134.4197,28.74,94,47,3.58,scattered clouds
180,Scarborough,GB,54.2797,-0.4044,45.64,90,4,1.79,clear sky
181,Qaqortoq,GL,60.7167,-46.0333,19.51,73,63,4.97,broken clouds
182,Lafia,NG,8.4833,8.5167,78.62,20,71,0.63,broken clouds
183,Pontes E Lacerda,BR,-15.2261,-59.3353,69.6,96,61,3.33,broken clouds
184,Calama,CL,-22.4667,-68.9333,53.24,28,0,3.78,clear sky
185,Mayo,US,38.8876,-76.5119,43.14,60,0,16.11,clear sky
186,Ostrovnoy,RU,68.0531,39.5131,22.64,62,100,14.88,light snow
187,Krasnaya Gora,RU,52.9995,31.6023,27.05,69,98,21.83,overcast clouds
188,Beckley,US,37.7782,-81.1882,30.31,87,100,9.22,overcast clouds
189,Wagga Wagga,AU,-35.1167,147.3667,80.85,36,40,13.8,scattered clouds
190,Yulara,AU,-25.2406,130.9889,89.08,17,3,3.33,clear sky
191,Parainen,FI,60.3067,22.301,27.14,63,100,9.13,overcast clouds
192,Griffith,US,41.5284,-87.4237,30.13,65,100,11.5,overcast clouds
193,Kuryk,KZ,43.2,51.65,42.49,79,89,10.13,overcast clouds
194,Valparaiso,CL,-33.0393,-71.6273,60.48,69,41,10.27,scattered clouds
195,Impfondo,CG,1.6381,18.0667,71.73,79,31,3.33,scattered clouds
196,Saskylakh,RU,71.9167,114.0833,-11.38,98,100,4.29,overcast clouds
197,Macia,MZ,-25.0269,33.0989,66.81,97,8,3.24,clear sky
198,Waingapu,ID,-9.6567,120.2641,86.09,66,7,5.86,clear sky
199,Villa Carlos Paz,AR,-31.4241,-64.4978,60.39,10,0,8.99,clear sky
200,Ilula,TZ,-7.6766,36.0366,60.3,97,93,3.06,overcast clouds
201,Pleshanovo,RU,52.8333,53.4833,28.85,91,100,15.68,overcast clouds
202,Inirida,CO,3.8653,-67.9239,72.36,97,100,1.3,overcast clouds
203,Chokurdakh,RU,70.6333,147.9167,2.7,91,100,10.13,overcast clouds
204,Goderich,CA,43.7501,-81.7165,27.91,92,100,23.2,light snow
205,Codrington,AU,-38.2667,141.9667,82.31,29,7,7.27,clear sky
206,Tucuman,AR,-26.8241,-65.2226,60.8,77,0,10.36,clear sky
207,San Carlos De Bariloche,AR,-41.1456,-71.3082,47.5,81,38,15.35,scattered clouds
208,Ancud,CL,-41.8697,-73.8203,50.23,86,19,4.76,light rain
209,Marawi,PH,7.9986,124.2928,71.91,87,100,4.25,moderate rain
210,Nemuro,JP,43.3236,145.575,39.34,90,100,9.46,overcast clouds
211,Iqaluit,CA,63.7506,-68.5145,19.13,79,75,9.22,broken clouds
212,San Patricio,US,28.017,-97.5169,68.09,66,20,11.97,few clouds
213,Sorland,NO,67.667,12.6934,32.54,86,100,23.69,light snow
214,Kununurra,AU,-15.7667,128.7333,94.98,49,74,3.44,broken clouds
215,Villaviciosa,ES,43.4813,-5.4357,56.41,98,76,4.36,broken clouds
216,Naze,JP,28.3667,129.4833,62.47,74,100,5.7,overcast clouds
217,Mbour,SN,14.422,-16.9638,63.45,73,50,9.82,scattered clouds
218,Hamilton,US,39.1834,-84.5333,32.07,67,100,18.41,overcast clouds
219,Kholodnyy,RU,62.7167,147.95,9.79,68,99,2.3,overcast clouds
220,Coquimbo,CL,-29.9533,-71.3436,61.92,84,7,4.07,clear sky
221,Ponta Do Sol,PT,32.6667,-17.1,63.01,84,100,21.41,overcast clouds
222,Kota Bahru,MY,6.1333,102.2386,86.83,66,44,1.97,scattered clouds
223,Jatibonico,CU,21.9419,-79.17,68.54,76,43,8.05,scattered clouds
224,Kijang,KR,35.2442,129.2139,62.26,34,34,12.24,scattered clouds
225,Praia,CV,14.9215,-23.5087,70.34,68,20,9.22,few clouds
226,Grand Gaube,MU,-20.0064,57.6608,82.38,79,6,3.0,clear sky
227,Olafsvik,IS,64.8945,-23.7142,34.66,74,100,9.44,overcast clouds
228,Kuytun,RU,54.3419,101.5036,21.07,74,41,12.77,scattered clouds
229,Awbari,LY,26.5921,12.7805,58.12,14,55,14.7,broken clouds
230,Avera,US,33.194,-82.5271,55.45,43,5,11.5,clear sky
231,Port-Cartier,CA,50.0334,-66.8654,30.42,97,96,1.61,overcast clouds
232,Camacha,PT,33.0833,-16.3333,58.42,88,40,20.71,scattered clouds
233,Itaqui,BR,-29.1253,-56.5531,62.19,80,0,1.54,clear sky
234,Eenhana,NA,-17.4667,16.3333,62.91,51,7,5.17,clear sky
235,Boyuibe,BO,-20.4167,-63.2833,58.98,62,61,3.42,broken clouds
236,Kupang,ID,-10.1667,123.5833,84.49,72,31,5.26,scattered clouds
237,Ayan,RU,56.45,138.1667,21.27,84,53,11.72,broken clouds
238,Vallenar,CL,-28.5708,-70.7581,65.88,57,14,1.68,few clouds
239,Kodiak,US,57.79,-152.4072,36.91,87,75,0.0,broken clouds
240,Alexandria,EG,31.2156,29.9553,57.36,70,0,9.55,clear sky
241,Jalu,LY,29.0331,21.5482,54.39,21,0,10.11,clear sky
242,Pisco,PE,-13.7,-76.2167,66.25,82,0,8.05,clear sky
243,Arlit,NE,18.7369,7.3853,72.75,12,12,6.98,few clouds
244,Belovo,RU,54.4165,86.2976,18.7,85,100,5.61,overcast clouds
245,Esperance,AU,-33.8667,121.9,66.04,84,100,20.38,light rain
246,Westport,US,41.1415,-73.3579,44.1,91,100,10.36,overcast clouds
247,Birkeland,NO,58.3309,8.2323,33.35,80,0,3.44,clear sky
248,Ajuchitlan,MX,20.7167,-100.0167,54.79,26,0,5.97,clear sky
249,Rocha,UY,-34.4833,-54.3333,62.19,84,75,9.46,broken clouds
250,Ukiah,US,39.1502,-123.2078,61.65,74,0,5.75,clear sky
251,Provideniya,RU,64.3833,-173.3,19.94,81,95,1.88,overcast clouds
252,Norsup,VU,-16.0667,167.3833,83.14,77,100,3.18,light rain
253,Arraial Do Cabo,BR,-22.9661,-42.0278,76.46,92,9,8.77,clear sky
254,Alofi,NU,-19.0595,-169.9187,80.98,80,95,18.54,light rain
255,Irpa Irpa,BO,-17.7167,-66.2667,59.85,83,96,1.12,overcast clouds
256,Suoyarvi,RU,62.0833,32.35,14.47,82,99,14.2,overcast clouds
257,Neuquen,AR,-38.9516,-68.0591,62.49,51,0,5.75,clear sky
258,Sitka,US,57.0531,-135.33,44.49,65,20,11.5,few clouds
259,Kavaratti,IN,10.5669,72.642,82.51,70,8,3.83,clear sky
260,Garowe,SO,8.4054,48.4845,71.44,50,4,3.09,clear sky
261,Sumbe,AO,-11.2061,13.8437,78.76,87,100,6.15,overcast clouds
262,Gonbad-E Qabus,IR,37.25,55.1672,48.27,66,0,1.57,clear sky
263,Pencaitland,GB,55.9073,-2.8949,41.02,93,5,2.89,clear sky
264,Husavik,IS,66.0449,-17.3389,35.82,83,99,14.9,overcast clouds
265,Victoria,HK,22.2855,114.1577,75.25,84,93,3.0,overcast clouds
266,Hovd,MN,48.0056,91.6419,36.61,22,93,3.96,overcast clouds
267,Nedjo,ET,9.5046,35.5019,60.01,38,58,1.19,broken clouds
268,Chiang Khong,TH,20.2613,100.4046,95.43,25,48,2.35,scattered clouds
269,Bimbo,CF,4.2567,18.4158,71.64,70,25,1.57,scattered clouds
270,Luebo,CD,-5.35,21.4167,70.12,90,100,1.28,overcast clouds
271,Killybegs,IE,54.6333,-8.45,47.19,77,43,6.06,scattered clouds
272,Kharp,RU,66.8014,65.8081,4.12,96,98,5.82,overcast clouds
273,Sao Joao Da Barra,BR,-21.6403,-41.0511,77.18,89,80,13.98,broken clouds
274,Lavrentiya,RU,65.5833,-171.0,15.69,91,100,2.21,overcast clouds
275,Ambala,IN,30.3783,76.7808,88.5,11,0,10.71,clear sky
276,Doha,QA,25.2867,51.5333,68.31,42,0,20.71,clear sky
277,Sidi Ali,DZ,36.0998,0.4206,50.74,80,0,2.08,clear sky
278,Taltal,CL,-25.4,-70.4833,66.97,69,0,4.83,clear sky
279,Burnie,AU,-41.0667,145.9167,67.26,79,53,10.29,broken clouds
280,Bengkulu,ID,-3.8004,102.2655,85.1,62,30,8.5,scattered clouds
281,Kloulklubed,PW,7.0419,134.2556,79.3,74,100,13.65,overcast clouds
282,Taldan,RU,53.6667,124.8,31.59,57,54,4.25,broken clouds
283,Huarmey,PE,-10.0681,-78.1522,70.9,80,97,8.14,overcast clouds
284,Arua,UG,3.0201,30.9111,64.76,94,99,3.11,overcast clouds
285,Bathsheba,BB,13.2167,-59.5167,77.61,69,20,16.11,few clouds
286,Kosa,RU,59.9445,54.9977,29.62,95,100,14.41,light snow
287,Nuuk,GL,64.1835,-51.7216,25.41,68,20,19.57,few clouds
288,Pervomayskoye,RU,43.919,46.7102,39.38,79,92,5.73,overcast clouds
289,Marzuq,YE,14.4,46.4667,69.93,19,21,1.28,few clouds
290,Manokwari,ID,-0.8667,134.0833,81.97,77,96,5.19,overcast clouds
291,Bowen,AU,-20.0167,148.2333,82.44,68,95,13.04,overcast clouds
292,Ballina,AU,-28.8667,153.5667,76.01,92,100,1.54,light rain
293,Taoudenni,ML,22.6783,-3.9836,77.11,15,85,7.36,overcast clouds
294,Castro,BR,-24.7911,-50.0119,59.99,95,36,2.21,scattered clouds
295,Narasannapeta,IN,18.4167,84.05,89.8,54,13,10.33,few clouds
296,Ous,RU,60.9058,61.5186,21.24,87,100,11.41,overcast clouds
297,Kaitangata,NZ,-46.2817,169.8464,60.06,71,1,6.55,clear sky
298,Waipawa,NZ,-41.4122,175.5153,55.71,84,98,11.39,overcast clouds
299,Grindavik,IS,63.8424,-22.4338,34.27,100,100,9.22,light rain and snow
300,Praia Da Vitoria,PT,38.7333,-27.0667,58.75,91,92,18.48,overcast clouds
301,Wangqing,CN,43.3218,129.7634,41.23,31,80,16.35,broken clouds
302,Humboldt,US,40.6665,-123.9178,45.86,96,100,1.01,overcast clouds
303,Madimba,TZ,-10.4,40.3333,76.53,89,14,4.74,few clouds
304,Prince Rupert,CA,54.3161,-130.3201,41.09,93,100,2.3,overcast clouds
305,Pingliang,CN,35.5392,106.6861,50.92,23,69,10.6,broken clouds
306,Vrutky,SK,49.1133,18.9171,44.78,92,71,5.3,broken clouds
307,Dumra,IN,26.5667,85.5167,88.34,11,0,8.68,clear sky
308,Caceres,ES,39.522,-6.3748,44.71,92,1,6.26,clear sky
309,Pagudpud,PH,18.5616,120.7868,88.72,64,5,14.18,clear sky
310,Alice Springs,AU,-23.7,133.8833,85.55,10,0,8.05,clear sky
311,Sao Filipe,CV,14.8961,-24.4956,68.7,74,84,4.97,broken clouds
312,Colquechaca,BO,-18.6667,-66.0167,33.24,88,73,4.09,broken clouds
313,Saint-Joseph,RE,-21.3667,55.6167,79.21,77,11,7.14,few clouds
314,Wakkanai,JP,45.4094,141.6739,38.77,82,74,27.56,broken clouds
315,Sehithwa,BW,-20.4667,22.7167,67.53,78,15,5.7,few clouds
316,Finote Selam,ET,10.7,37.2667,63.23,37,39,1.21,scattered clouds
317,Jaltenango,MX,15.8719,-92.7247,63.57,81,86,2.46,overcast clouds
318,Moose Factory,CA,51.2585,-80.6094,2.17,94,100,11.88,light snow
319,Faanui,PF,-16.4833,-151.75,82.0,73,19,11.43,few clouds
320,Muzhi,RU,65.3667,64.6667,0.36,98,100,8.28,overcast clouds
321,Sotuta,MX,20.6,-89.0167,62.67,74,64,2.95,broken clouds
322,Ashington,GB,50.9331,-0.3909,48.18,85,0,9.93,clear sky
323,Bandarbeyla,SO,9.4942,50.8122,76.75,64,9,6.93,clear sky
324,Shimoda,JP,34.6667,138.95,67.1,74,57,2.46,broken clouds
325,Tena,EC,-0.9833,-77.8167,69.08,96,100,2.8,overcast clouds
326,Libourne,FR,44.9167,-0.25,52.3,51,16,7.36,few clouds
327,Kilinochchi,LK,9.3961,80.3982,86.74,57,2,4.72,clear sky
328,Nome,US,64.5011,-165.4064,25.16,74,100,6.91,overcast clouds
329,Casper,US,42.8666,-106.3131,43.39,52,0,5.75,clear sky
330,Kaitong,CN,44.8135,123.15,43.11,29,2,16.49,clear sky
331,Sabang,ID,5.8933,95.3214,82.35,74,22,1.61,few clouds
332,Dingle,PH,10.9995,122.6711,89.04,54,100,13.2,overcast clouds
333,Hofn,IS,64.2539,-15.2082,44.89,96,100,7.05,overcast clouds
334,Yenagoa,NG,4.9247,6.2642,78.55,90,16,3.67,few clouds
335,Vozhega,RU,60.4725,40.2213,17.1,86,100,17.11,overcast clouds
336,Payakumbuh,ID,-0.2202,100.6308,89.64,31,6,0.98,clear sky
337,Bonfim,BR,3.0833,-59.95,78.46,73,100,6.73,overcast clouds
338,Mangrol,IN,21.1167,70.1167,86.25,39,8,10.92,clear sky
339,Asau,RO,46.4333,26.4,43.72,83,75,1.66,broken clouds
340,Korla,CN,41.7597,86.1469,53.1,35,64,2.66,broken clouds
341,Awjilah,LY,29.1081,21.2869,54.21,21,0,10.45,clear sky
342,Vila Velha,BR,-20.3297,-40.2925,78.75,86,0,8.05,clear sky
343,Tibiri,NE,13.5627,7.0485,70.18,13,7,10.65,clear sky
344,Tabory,RU,58.5198,64.5495,16.63,75,28,11.14,scattered clouds
345,Tsnori,GE,41.6209,45.9694,38.26,69,53,4.97,broken clouds
346,Touros,BR,-5.1989,-35.4608,78.04,86,93,7.11,overcast clouds
347,Suhbaatar,MN,50.2314,106.2078,37.54,28,38,6.17,scattered clouds
348,Guerrero Negro,MX,27.9769,-114.0611,60.3,91,1,11.52,clear sky
349,Faya,SA,18.3851,42.4509,55.92,40,26,3.56,scattered clouds
350,Tuatapere,NZ,-46.1333,167.6833,64.42,64,5,5.93,clear sky
351,Voi,KE,-3.3945,38.563,72.37,91,30,0.83,scattered clouds
352,Suntar,RU,62.1444,117.6319,28.92,80,100,4.99,overcast clouds
353,Bahia De Caraquez,EC,-0.6,-80.4167,77.18,88,99,1.92,light rain
354,Half Moon Bay,US,37.4636,-122.4286,58.59,84,75,14.97,mist
355,Goma,CD,-1.6792,29.2228,61.48,85,98,2.68,overcast clouds
356,Nishihara,JP,26.1842,127.7558,67.68,88,75,11.5,broken clouds
357,Arcachon,FR,44.5875,-1.0519,52.12,80,0,2.3,clear sky
358,Saint Anthony,US,45.0205,-93.218,25.3,42,0,17.27,clear sky
359,Pianco,BR,-7.1981,-37.9292,72.79,91,95,2.37,overcast clouds
360,La Ronge,CA,55.1001,-105.2842,-5.96,91,14,4.68,few clouds
361,Bara,NG,10.3744,10.7288,75.43,14,75,12.44,broken clouds
362,Port Macquarie,AU,-31.4333,152.9167,69.89,94,100,11.5,light rain
363,Alberobello,IT,40.7859,17.2372,49.03,93,94,6.69,overcast clouds
364,Komsomolskiy,UZ,40.4272,71.7189,50.72,66,75,6.91,broken clouds
365,Isilkul,RU,54.9109,71.2728,11.16,91,100,10.4,overcast clouds
366,Namibe,AO,-15.1961,12.1522,70.88,74,99,10.0,overcast clouds
367,Bonavista,CA,48.6499,-53.1147,32.32,87,89,12.66,overcast clouds
368,Talcahuano,CL,-36.7167,-73.1167,54.7,88,0,5.7,clear sky
369,Caravelas,BR,-17.7125,-39.2481,75.92,89,1,5.46,clear sky
370,Ejido,VE,8.5514,-71.2375,71.24,85,100,2.15,overcast clouds
371,Makakilo City,US,21.3469,-158.0858,77.32,59,0,12.66,clear sky
372,Egvekinot,RU,66.3167,-179.1667,5.79,95,86,1.07,overcast clouds
373,Seleron,GR,41.1333,25.0,43.95,74,0,2.93,clear sky
374,Kitsuki,JP,33.4167,131.6167,62.71,52,23,8.7,few clouds
375,Coihueco,CL,-36.6167,-71.8333,48.76,84,0,3.56,clear sky
376,Brae,GB,60.3964,-1.353,46.53,92,69,14.7,broken clouds
377,Richards Bay,ZA,-28.783,32.0377,67.19,91,16,5.08,few clouds
378,Bastia,FR,42.6667,9.3333,59.31,50,40,2.3,scattered clouds
379,Knysna,ZA,-34.0363,23.0471,59.99,84,33,5.68,scattered clouds
380,Eskil,TR,38.4017,33.4131,31.62,77,6,8.05,clear sky
381,Mehamn,NO,71.0357,27.8492,22.91,75,100,18.41,light snow
382,Grimshaw,CA,56.1834,-117.6027,28.15,94,100,3.83,overcast clouds
383,Belmonte,BR,-15.8631,-38.8828,77.14,86,10,7.78,clear sky
384,Rochegda,RU,62.8,43.25,16.77,89,100,17.29,light snow
385,Aksu,CN,41.1231,80.2644,51.82,40,90,2.91,overcast clouds
386,Colombia,CU,20.9881,-77.4297,70.72,91,75,9.08,broken clouds
387,Bambous Virieux,MU,-20.3428,57.7575,83.21,94,40,1.14,scattered clouds
388,Pangnirtung,CA,66.1451,-65.7125,13.98,59,11,7.63,few clouds
389,Menongue,AO,-14.6585,17.691,63.99,90,100,2.86,overcast clouds
390,Palmer,US,42.1584,-72.3287,42.4,93,100,0.0,overcast clouds
391,Cayenne,GF,4.9333,-52.3333,80.1,1,75,5.75,broken clouds
392,Iturbe,PY,-26.05,-56.4833,61.03,95,0,1.52,clear sky
393,Altay,CN,47.8667,88.1167,41.23,57,100,1.77,overcast clouds
394,Sawakin,SD,19.1059,37.3321,68.02,62,6,10.47,clear sky
395,Tabou,CI,4.423,-7.3528,78.57,88,100,2.84,overcast clouds
396,Tual,ID,-5.6667,132.75,82.22,75,100,12.82,overcast clouds
397,Kisangani,CD,0.5167,25.2,70.79,91,97,2.33,overcast clouds
398,Anzoategui,CO,4.63,-75.0954,59.2,91,100,3.91,overcast clouds
399,Port Hedland,AU,-20.3167,118.5667,93.25,49,65,14.97,broken clouds
400,Kodinsk,RU,58.6881,99.1844,17.11,84,100,14.2,overcast clouds
401,Yadgir,IN,16.7667,77.1333,93.45,32,17,5.88,few clouds
402,Poum,NC,-20.2333,164.0167,81.03,68,48,7.49,scattered clouds
403,Wamba,NG,8.9333,8.6,74.1,17,92,1.39,overcast clouds
404,Nagato,JP,34.3833,131.2,57.72,63,79,5.68,broken clouds
405,Port Lincoln,AU,-34.7333,135.8667,78.75,36,92,7.38,overcast clouds
406,Cacak,RS,43.8914,20.3497,28.0,67,0,4.23,clear sky
407,Tromso,NO,69.6496,18.957,21.22,86,75,6.91,broken clouds
408,Padang,ID,-0.9492,100.3543,87.85,57,4,6.24,clear sky
409,Okahandja,NA,-21.9833,16.9167,62.98,56,0,1.14,clear sky
410,Margate,GB,51.3813,1.3862,47.3,92,4,4.0,clear sky
411,Baillif,GP,16.0202,-61.7463,74.64,77,33,8.41,scattered clouds
412,Cotonou,BJ,6.3654,2.4183,81.99,83,91,8.41,overcast clouds
413,Hatillo,PR,18.4863,-66.8254,75.85,86,71,4.0,broken clouds
414,Moshny,UA,49.5147,31.7476,34.25,64,98,19.46,overcast clouds
415,Vostok,RU,46.4856,135.8833,30.42,89,99,15.03,light snow
416,Luderitz,NA,-26.6481,15.1594,63.95,66,0,8.79,clear sky
417,Wooster,US,40.8051,-81.9351,31.48,86,100,21.85,overcast clouds
418,Coahuayana,MX,18.7333,-103.6833,67.3,62,1,3.42,clear sky
419,San Lorenzo,PY,-25.3333,-57.5333,65.34,94,0,0.0,clear sky
420,Karaton,ID,-6.3424,106.1045,86.54,63,53,6.42,broken clouds
421,Yeppoon,AU,-23.1333,150.7333,82.18,56,73,11.03,broken clouds
422,Okhotsk,RU,59.3833,143.3,16.7,76,22,2.39,few clouds
423,La Primavera,CO,5.4906,-70.4092,78.21,74,100,2.51,overcast clouds
424,Shevchenko,UA,48.5,35.0,38.57,56,67,18.21,broken clouds
425,Biloela,AU,-24.4167,150.5,88.29,37,64,9.64,broken clouds
426,Beringovskiy,RU,63.05,179.3167,10.22,93,93,4.9,overcast clouds
427,Abapo,BO,-18.8333,-63.4667,60.12,73,95,2.39,overcast clouds
428,Shenxian,CN,36.2411,115.6672,57.36,12,12,11.9,few clouds
429,Dicabisagan,PH,17.0818,122.4157,87.06,62,15,6.29,few clouds
430,Santarem,BR,-2.4431,-54.7083,77.13,94,75,4.61,moderate rain
431,Tura,IN,25.5198,90.2201,86.34,40,0,4.38,clear sky
432,Muros,ES,42.7762,-9.0603,56.35,80,100,4.99,overcast clouds
433,Patrocinio,BR,-18.9439,-46.9925,66.7,81,21,2.13,few clouds
434,Hervey Bay,AU,-25.2986,152.8535,76.46,76,19,7.87,few clouds
435,Chapais,CA,49.7834,-74.8492,28.18,95,100,11.63,light snow
436,Mercedes,AR,-34.6515,-59.4307,55.78,91,0,6.2,clear sky
437,Lichtenau,DE,51.6167,8.9,43.38,92,75,1.14,broken clouds
438,Bilibino,RU,68.0546,166.4372,2.53,89,100,17.11,light snow
439,Quang Ngai,VN,15.1167,108.8,89.69,60,4,6.13,clear sky
440,Duku,NG,11.2361,4.9073,81.79,10,24,7.76,few clouds
441,Ponta Grossa,BR,-25.095,-50.1619,57.24,86,41,2.68,scattered clouds
442,Mahibadhoo,MV,3.7833,72.9667,81.59,65,59,7.63,broken clouds
443,Inuvik,CA,68.3499,-133.7218,-1.34,65,20,9.22,few clouds
444,Spring Valley,US,36.108,-115.245,81.79,13,40,11.5,scattered clouds
445,Scottsbluff,US,41.8666,-103.6672,49.32,46,0,16.11,clear sky
446,Del Rio,US,29.3627,-100.8968,75.31,12,0,10.36,clear sky
447,Grand Bank,CA,47.0999,-55.765,31.98,88,42,7.14,scattered clouds
448,Thoen,TH,17.6129,99.2161,99.39,31,36,1.57,scattered clouds
449,Tanete,ID,-3.9443,119.7848,90.28,53,87,8.46,overcast clouds
450,Quilmana,PE,-12.95,-76.3833,70.68,83,51,2.46,broken clouds
451,Batagay-Alyta,RU,67.8006,130.4114,14.43,64,99,3.76,overcast clouds
452,Lorengau,PG,-2.0226,147.2712,83.75,73,99,6.02,light rain
453,Solenzo,BF,12.1833,-4.0833,84.67,39,66,4.14,broken clouds
454,Uzhur,RU,55.3036,89.8339,17.4,77,73,1.05,broken clouds
455,Pathein,MM,16.7833,94.7333,92.53,43,27,9.08,scattered clouds
456,Itarema,BR,-2.9248,-39.9167,75.31,92,100,7.25,overcast clouds
457,Auki,SB,-8.7676,160.7034,81.91,77,100,6.93,overcast clouds
458,Aksarka,RU,66.5606,67.7975,-2.85,93,99,8.57,overcast clouds
459,Basoko,CD,1.2391,23.616,73.51,81,100,3.62,overcast clouds
460,Mankono,CI,8.0586,-6.1897,75.13,86,59,4.23,broken clouds
461,Ayagoz,KZ,47.9714,80.4392,34.61,100,100,19.1,overcast clouds
462,Kruisfontein,ZA,-34.0033,24.7314,58.89,92,2,4.18,clear sky
463,Reshetylivka,UA,49.565,34.0782,33.62,77,51,19.82,broken clouds
464,Kagoro,NG,9.6,8.3833,73.04,13,63,7.58,broken clouds
465,Maxixe,MZ,-23.8597,35.3472,73.22,94,75,0.0,broken clouds
466,Golden,US,39.7555,-105.2211,59.65,27,99,5.99,overcast clouds
467,Swan Hill,AU,-35.3378,143.5544,82.74,28,0,7.85,clear sky
468,Bafoulabe,ML,13.8065,-10.8321,86.7,18,45,3.91,scattered clouds
469,Soe,ID,-9.8607,124.284,78.04,71,8,4.16,clear sky
470,Meulaboh,ID,4.1363,96.1285,85.03,62,12,3.09,few clouds
471,Puerto Rondon,CO,6.2805,-71.1,78.53,70,86,4.03,overcast clouds
472,Pailon,BO,-17.65,-62.75,70.7,49,99,3.8,overcast clouds
473,Oeiras,BR,-7.0253,-42.1311,75.16,75,89,1.39,overcast clouds
474,Mariager,DK,56.6498,9.9752,39.72,88,56,10.22,broken clouds
475,Solnechnyy,RU,50.7214,136.6319,22.39,91,100,14.03,snow
476,Savannakhet,LA,16.566,104.751,91.42,52,40,2.3,scattered clouds
477,Rudbar,AF,30.15,62.6,69.08,23,0,8.3,clear sky
478,Coolidge,US,32.9778,-111.5176,78.1,17,0,5.75,clear sky
479,Linxia,CN,35.6003,103.2064,46.81,23,1,4.25,clear sky
480,Dalby,AU,-27.1833,151.2667,77.99,57,74,1.01,moderate rain
481,Aklavik,CA,68.2191,-135.0107,-5.04,99,99,6.24,overcast clouds
482,Udachnyy,RU,66.4167,112.4,19.45,85,95,5.21,overcast clouds
483,Fulton,US,33.7668,-84.4499,55.04,26,0,19.57,clear sky
484,Nador,MA,35.174,-2.9287,52.05,100,40,0.0,scattered clouds
485,Victoria Point,AU,-27.5833,153.3,84.18,69,21,5.01,few clouds
486,Tezu,IN,27.9167,96.1667,78.53,45,89,1.74,overcast clouds
487,Kirakira,SB,-10.4544,161.9205,82.13,82,97,9.86,overcast clouds
488,Kupino,RU,54.3663,77.2981,14.32,89,100,12.17,overcast clouds
489,Bonthe,SL,7.5264,-12.505,76.86,88,100,7.87,light rain
490,Zalantun,CN,48.0,122.7167,40.62,36,15,14.83,few clouds
491,Ivdel,RU,60.6911,60.4206,22.69,92,100,10.09,overcast clouds
492,Narasapur,IN,16.45,81.6667,89.22,58,23,7.56,few clouds
493,Yumen,CN,40.2833,97.2,52.63,18,33,9.22,scattered clouds
494,Amur,RU,54.0,128.0,23.68,71,30,6.29,scattered clouds
495,Wajir,KE,1.7471,40.0573,80.56,78,75,0.0,broken clouds
496,Wanning,CN,18.8003,110.3967,87.8,67,40,9.17,scattered clouds
497,Wagar,SD,16.1525,36.2032,65.53,65,5,9.35,clear sky
498,Anadyr,RU,64.75,177.4833,5.5,65,0,0.0,clear sky
499,Tortoli,IT,39.9256,9.6572,51.62,76,0,13.8,clear sky
500,Lakselv,NO,70.0513,24.9718,19.22,86,100,13.8,overcast clouds
501,Gisborne,NZ,-38.6533,178.0042,62.37,80,89,19.57,overcast clouds
502,Kudahuvadhoo,MV,2.6708,72.8944,81.45,65,44,8.41,scattered clouds
503,Tongren,CN,27.7172,109.1853,59.4,72,99,3.2,overcast clouds
504,Sola,VU,-13.8833,167.55,83.01,73,90,9.48,overcast clouds
505,Tilichiki,RU,60.4667,166.1,17.2,72,24,1.97,few clouds
506,Sinnamary,GF,5.3833,-52.95,77.05,86,100,10.8,overcast clouds
507,Redmond,US,47.674,-122.1215,56.68,82,100,1.99,overcast clouds
508,Manta,EC,-0.95,-80.7333,76.78,94,100,2.3,overcast clouds
509,Teguise,ES,29.0605,-13.564,61.02,77,0,13.8,clear sky
510,Kawalu,ID,-7.3817,108.2082,87.93,55,100,1.92,overcast clouds
511,Port Blair,IN,11.6667,92.75,86.04,70,20,8.05,haze
512,Beloha,MG,-25.1667,45.05,73.27,89,96,7.81,overcast clouds
513,Kattivakkam,IN,13.2167,80.3167,87.89,83,6,12.5,clear sky
514,Bajil,YE,15.0584,43.2851,74.16,82,60,3.89,broken clouds
515,Sakakah,SA,29.9697,40.2064,42.37,43,0,6.33,clear sky
516,Kiruna,SE,67.8557,20.2251,7.72,85,100,6.91,overcast clouds
517,Linares,CL,-35.85,-71.6,50.52,84,50,6.11,scattered clouds
518,Fort Nelson,CA,58.8053,-122.7002,24.39,68,40,2.3,scattered clouds
519,San Policarpo,PH,12.1791,125.5072,82.42,77,99,10.38,overcast clouds
520,Ullapool,GB,57.8987,-5.1604,43.88,80,10,3.85,clear sky
521,Boende,CD,-0.2167,20.8667,72.48,83,64,2.86,broken clouds
522,Jega,NG,12.2175,4.3792,80.67,11,17,15.99,few clouds
523,Namatanai,PG,-3.6667,152.4333,85.14,67,89,6.02,overcast clouds
524,Arsenyev,RU,44.1631,133.2733,40.6,60,77,13.02,broken clouds
525,Katherine,AU,-14.4667,132.2667,97.12,36,40,9.22,scattered clouds
526,Mecca,SA,21.4267,39.8261,66.76,46,0,0.74,clear sky
527,Dongying,CN,37.4564,118.4856,53.94,15,0,10.11,clear sky
528,Chumphon,TH,10.3333,98.8333,87.13,59,16,4.54,few clouds
529,Saint-Augustin,CA,51.226,-58.6502,31.41,98,100,9.48,overcast clouds
530,Yakeshi,CN,49.2833,120.7333,25.43,90,100,9.15,overcast clouds
531,Sibu,MY,2.3,111.8167,84.51,79,40,3.44,scattered clouds
532,Dayong,CN,25.0209,118.2898,63.48,84,100,3.6,overcast clouds
533,Gigmoto,PH,13.7796,124.39,85.44,67,40,9.06,scattered clouds
534,Nouadhibou,MR,20.931,-17.0347,60.78,94,93,3.44,overcast clouds
535,San Bartolome De Tirajana,ES,27.9248,-15.5733,52.27,72,20,16.11,few clouds
536,Goundam,ML,16.4145,-3.6708,81.01,35,11,1.57,few clouds
537,Shingu,JP,33.7333,135.9833,68.52,50,10,3.6,clear sky
538,Buala,SB,-8.145,159.5921,80.62,82,99,8.05,overcast clouds
539,Saint-Georges,GD,12.0564,-61.7485,78.48,78,20,17.27,few clouds
540,Erenhot,CN,43.6475,111.9767,41.04,12,0,16.78,clear sky
541,Pontianak,ID,-0.0333,109.3333,89.58,62,75,4.61,broken clouds
542,Mogadishu,SO,2.0371,45.3438,82.27,78,75,11.5,broken clouds
543,Ouesso,CG,1.6136,16.0517,70.14,81,26,2.15,scattered clouds
544,Indramayu,ID,-6.3264,108.32,83.64,69,94,3.76,overcast clouds
545,Obo,CF,5.3998,26.4869,67.59,27,85,5.01,overcast clouds
546,Kaura Namoda,NG,12.5898,6.5779,73.87,12,5,13.13,clear sky
547,Raton,US,36.9034,-104.4391,54.21,30,0,5.75,clear sky
548,Santa Maria,BR,-29.6842,-53.8069,61.57,82,64,4.74,broken clouds
549,Merida,MX,20.9667,-89.6167,66.22,68,0,0.0,clear sky
550,Zapolyarnyy,RU,69.4154,30.8136,16.88,86,95,14.32,overcast clouds
551,Flin Flon,CA,54.7682,-101.865,-4.88,96,38,2.98,scattered clouds
552,Manhuacu,BR,-20.2581,-42.0336,67.46,96,9,2.3,clear sky
553,Majene,ID,-3.5403,118.9707,87.37,62,65,6.22,broken clouds
554,Sohag,EG,26.557,31.6948,53.2,32,0,9.1,clear sky
555,Carlyle,US,38.6103,-89.3726,37.31,64,5,7.25,clear sky
556,Islamkot,PK,24.6997,70.177,90.54,15,19,13.27,few clouds
557,Sidney,AU,-33.8679,151.2073,72.23,85,75,6.91,light intensity shower rain
558,Sur,OM,22.5667,59.5289,84.22,45,1,4.88,clear sky
559,Marystown,CA,47.1666,-55.1483,31.86,100,25,6.6,scattered clouds
560,Corinth,GR,37.9407,22.9573,47.89,77,4,3.22,clear sky
561,Krasnoselkup,RU,65.7,82.4667,6.87,90,40,13.96,scattered clouds
562,Qazigund,IN,33.6333,75.15,57.24,40,0,3.27,clear sky
563,Sibolga,ID,1.7427,98.7792,86.83,55,10,4.5,clear sky
564,Genhe,CN,50.7833,121.5167,31.96,61,57,4.88,light snow
565,Roald,NO,62.5833,6.1333,47.75,93,75,23.02,drizzle
566,Bereda,ES,43.2686,-7.5406,46.58,100,100,1.39,overcast clouds
567,Tazovskiy,RU,67.4667,78.7,0.61,97,91,10.78,overcast clouds
568,Jelgava,LV,56.65,23.7128,30.24,54,85,12.35,overcast clouds
569,Kerema,PG,-7.9631,145.7785,84.74,73,100,9.55,overcast clouds
570,Kendari,ID,-3.945,122.4989,88.72,57,100,2.3,overcast clouds
571,Grand-Bourg,GP,15.8835,-61.3148,73.35,76,69,14.5,broken clouds
572,Nabire,ID,-3.3667,135.4833,87.04,63,91,5.97,overcast clouds
573,Rio Tercero,AR,-32.173,-64.1141,58.8,53,0,6.78,clear sky
574,Kuminskiy,RU,58.6667,66.5667,12.06,85,28,9.93,scattered clouds
575,Lokosovo,RU,61.1333,74.8167,14.88,88,95,9.26,overcast clouds
576,Teahupoo,PF,-17.8333,-149.2667,78.76,75,23,13.53,few clouds
577,Twentynine Palms,US,34.1356,-116.0542,77.13,17,0,4.0,clear sky
578,Muravlenko,RU,63.7898,74.523,16.56,94,99,8.63,overcast clouds
579,Jinchang,CN,38.4953,102.1739,50.5,20,0,6.98,clear sky
580,Zarand,IR,30.8127,56.564,53.42,14,0,2.15,clear sky
581,Sao Gabriel Da Cachoeira,BR,-0.1303,-67.0892,72.86,99,100,0.87,heavy intensity rain
582,Kaniama,CD,-7.5667,24.1833,65.73,97,98,3.27,overcast clouds
583,Gaozhou,CN,21.9392,110.8461,72.46,76,100,10.96,overcast clouds
584,Mana,GF,5.6592,-53.7767,76.55,88,100,10.56,overcast clouds
585,Tahoua,NE,14.8888,5.2692,74.52,11,10,13.91,clear sky
586,Buchanan,LR,5.8808,-10.0467,78.01,89,89,2.06,overcast clouds
587,Berbera,SO,10.4396,45.0143,78.01,83,3,1.23,clear sky
588,Numata,JP,36.6333,139.05,63.37,58,100,10.04,overcast clouds
589,Bemidji,US,47.4736,-94.8803,11.91,64,0,10.36,clear sky
590,Paraiso,CR,9.8383,-83.8656,65.26,90,100,4.07,overcast clouds
591,Tanggu,CN,39.0211,117.6469,57.16,17,0,10.16,clear sky
592,Williston,US,48.147,-103.618,27.34,51,73,3.0,broken clouds
593,Salinopolis,BR,-0.6136,-47.3561,77.04,90,100,6.35,overcast clouds
594,Kita,ML,13.0349,-9.4895,83.19,22,100,3.33,overcast clouds
595,Wajima,JP,37.4,136.9,57.88,58,40,5.75,scattered clouds
596,Mataram,ID,-8.5833,116.1167,90.41,66,94,6.44,overcast clouds
597,Guane,CU,22.2025,-84.0875,64.8,76,7,7.14,clear sky
598,Conceicao Do Araguaia,BR,-8.2578,-49.2647,73.6,96,98,1.7,overcast clouds
599,Yatou,CN,37.15,122.3833,48.27,27,6,19.13,clear sky
600,Kiama,AU,-34.6833,150.8667,72.57,82,99,3.0,light rain
601,Puerto Maldonado,PE,-12.6,-69.1833,66.34,100,100,2.13,overcast clouds
602,Poddorye,RU,57.4695,31.1156,23.23,70,100,17.25,overcast clouds
603,Bakuriani,GE,41.7497,43.5325,14.14,91,28,6.26,scattered clouds
604,Montijo,PT,38.7067,-8.9739,57.54,81,0,8.05,clear sky
605,Okha,RU,53.5739,142.9478,29.93,94,100,27.2,light snow
606,Sao Joao Do Piaui,BR,-8.3581,-42.2467,73.96,69,39,2.1,scattered clouds
607,Ahipara,NZ,-35.1667,173.1667,67.84,68,83,9.26,broken clouds
608,Krasnyy Chikoy,RU,50.3643,108.7512,29.23,72,25,1.21,scattered clouds
609,Bhatkal,IN,13.9667,74.5667,85.68,68,75,7.47,broken clouds
610,Christchurch,NZ,-43.5333,172.6333,66.47,74,18,9.22,few clouds
611,Cap Malheureux,MU,-19.9842,57.6142,83.46,75,6,4.0,clear sky
612,Yarim,YE,14.298,44.3779,55.02,34,1,5.68,clear sky
613,Chowchilla,US,37.123,-120.2602,66.22,59,0,4.61,clear sky
614,Keflavik,IS,64.0049,-22.5624,34.23,100,100,8.05,light rain and snow
615,Matara,LK,5.9485,80.5353,84.58,67,1,7.83,clear sky
616,Carinhanha,BR,-14.3047,-43.765,72.97,51,98,1.83,overcast clouds
617,San Juan,AR,-31.5375,-68.5364,68.36,24,0,5.06,clear sky
618,Kaeo,NZ,-35.1,173.7833,72.32,70,89,3.6,overcast clouds
619,Tekkali,IN,18.6167,84.2333,90.75,52,40,8.77,scattered clouds
620,Praya,CV,14.9215,-23.5087,70.34,68,20,9.22,few clouds
621,Ucluelet,CA,48.9329,-125.5528,49.08,91,100,7.74,overcast clouds
622,Moindou,NC,-21.6924,165.677,79.57,74,76,13.13,broken clouds
623,Bani Walid,LY,31.7566,13.9942,59.16,16,81,8.3,broken clouds
624,Mogocha,RU,53.7333,119.7667,32.36,61,42,5.99,scattered clouds
625,Puerto Del Rosario,ES,28.5004,-13.8627,64.15,82,20,8.05,few clouds
626,Sovetskiy,RU,61.3614,63.5842,17.74,90,100,11.99,overcast clouds
627,San Quintin,MX,30.4833,-115.95,58.37,88,19,5.5,few clouds
628,Arrifes,PT,37.7667,-25.7,57.45,82,20,14.97,few clouds
629,North Platte,US,41.1239,-100.7654,39.07,34,0,8.05,clear sky
630,Quimperle,FR,47.8667,-3.55,48.92,59,0,9.22,clear sky
631,Georgiyevskoye,RU,58.731,45.024,28.89,95,100,12.8,light snow
632,Falkenberg,SE,56.9055,12.4912,35.94,68,38,7.27,scattered clouds
633,Byron Bay,AU,-28.65,153.6167,76.71,80,98,4.5,overcast clouds
634,Baracoa,CU,20.3467,-74.4958,73.31,92,100,4.18,overcast clouds
635,Jizan,SA,17.3333,42.6667,76.14,65,32,2.15,scattered clouds
636,Nioro,GM,13.35,-15.75,71.51,36,72,6.29,broken clouds
637,Opuwo,NA,-18.0607,13.84,61.52,57,18,1.63,few clouds
638,Martapura,ID,-3.4167,114.85,86.09,70,20,4.61,few clouds
639,Elko,US,41.0002,-115.5012,58.64,27,100,5.35,overcast clouds
640,Kwekwe,ZW,-18.9281,29.8149,64.74,96,97,4.47,light rain
641,Kabalo,CD,-6.05,26.9167,70.23,96,100,2.91,overcast clouds
642,Bethanien,NA,-26.502,17.1583,69.17,34,4,3.15,clear sky
643,Stephenville Crossing,CA,48.5,-58.4318,28.53,93,20,4.61,few clouds
644,Realeza,BR,-25.7689,-53.5325,55.76,96,0,2.17,clear sky
645,Teknaf,BD,20.8624,92.3058,87.08,60,83,8.3,broken clouds
646,Terrace Bay,CA,48.7834,-87.1,5.88,78,99,13.6,overcast clouds
647,Saint-Marc,HT,19.1082,-72.6938,76.53,79,73,1.72,broken clouds
648,Mbaiki,CF,3.8678,17.9892,70.45,71,73,2.48,broken clouds
649,Grimma,DE,51.2333,12.7167,47.8,88,99,4.83,overcast clouds
650,Two Hills,CA,53.7169,-111.7518,21.43,100,100,14.97,overcast clouds
651,Sabya,SA,17.1495,42.6254,76.62,67,44,2.51,scattered clouds
652,Amahai,ID,-3.3333,128.9167,85.77,67,88,6.78,light rain
653,Saint-Ambroise,CA,48.5501,-71.3324,30.74,99,100,2.57,light snow
654,San Juan Del Sur,NI,11.2529,-85.8705,78.26,73,43,23.6,scattered clouds
655,Coihaique,CL,-45.5752,-72.0662,39.38,92,20,10.02,few clouds
656,Ravanusa,IT,37.2667,13.969,52.38,76,84,19.04,broken clouds
657,Kargil,IN,34.5667,76.1,23.81,45,0,1.39,clear sky
